<?xml version="1.0" encoding="UTF-8" standalone="yes"?>
<manifest>
  <control namespace="Nexus" constructor="ColorPicker" version="0.0.1" display-name-key="ColorPicker" description-key="ColorPicker description" control-type="standard" api-version="1.3.14">
    <external-service-usage enabled="false"/>
    <property name="selectedValue" display-name-key="Selected Value" description-key="Selected Value" of-type="SingleLine.Text" usage="bound" required="true"/>
    <resources>
      <code path="bundle.js" order="1"/>
      <css path="css/ColorPicker.css" order="1"/>
    </resources>
    <built-by name="pac" version="1.32.5"/>
  </control>
</manifest>