<?xml version="1.0" encoding="UTF-8" standalone="yes"?>
<manifest>
  <control namespace="Nexus" constructor="MatrixAssesment" version="1.0.13" display-name-key="MatrixAssesment" description-key="MatrixAssesment description" control-type="standard" api-version="1.3.13">
    <external-service-usage enabled="false"/>
    <property name="riskLevel" display-name-key="Matrix Assessment" description-key="Matrix Assessment" of-type="Multiple" usage="bound" required="true"/>
    <resources>
      <code path="bundle.js" order="1"/>
      <css path="css/MatrixAssesment.css" order="1"/>
    </resources>
    <feature-usage>
      <uses-feature name="Utility" required="true"/>
      <uses-feature name="WebAPI" required="true"/>
    </feature-usage>
    <built-by name="pac" version="1.32.5"/>
  </control>
</manifest>