<ImportExportXml version="9.2.24053.188" SolutionPackageVersion="9.2" languagecode="1033" generatedBy="CrmLive" xmlns:xsi="http://www.w3.org/2001/XMLSchema-instance">
  <SolutionManifest>
    <UniqueName>MatrixAssessment</UniqueName>
    <LocalizedNames>
      <LocalizedName description="Matrix Assessment" languagecode="1033" />
    </LocalizedNames>
    <Descriptions />
    <Version>1.0.0.7</Version>
    <Managed>1</Managed>
    <Publisher>
      <UniqueName>NexusMind</UniqueName>
      <LocalizedNames>
        <LocalizedName description="NexusMind" languagecode="1033" />
      </LocalizedNames>
      <Descriptions>
        <Description description="NexusMind" languagecode="1033" />
      </Descriptions>
      <EMailAddress xsi:nil="true"></EMailAddress>
      <SupportingWebsiteUrl xsi:nil="true"></SupportingWebsiteUrl>
      <CustomizationPrefix>nm</CustomizationPrefix>
      <CustomizationOptionValuePrefix>54007</CustomizationOptionValuePrefix>
      <Addresses>
        <Address>
          <AddressNumber>1</AddressNumber>
          <AddressTypeCode>1</AddressTypeCode>
          <City xsi:nil="true"></City>
          <County xsi:nil="true"></County>
          <Country xsi:nil="true"></Country>
          <Fax xsi:nil="true"></Fax>
          <FreightTermsCode xsi:nil="true"></FreightTermsCode>
          <ImportSequenceNumber xsi:nil="true"></ImportSequenceNumber>
          <Latitude xsi:nil="true"></Latitude>
          <Line1 xsi:nil="true"></Line1>
          <Line2 xsi:nil="true"></Line2>
          <Line3 xsi:nil="true"></Line3>
          <Longitude xsi:nil="true"></Longitude>
          <Name xsi:nil="true"></Name>
          <PostalCode xsi:nil="true"></PostalCode>
          <PostOfficeBox xsi:nil="true"></PostOfficeBox>
          <PrimaryContactName xsi:nil="true"></PrimaryContactName>
          <ShippingMethodCode>1</ShippingMethodCode>
          <StateOrProvince xsi:nil="true"></StateOrProvince>
          <Telephone1 xsi:nil="true"></Telephone1>
          <Telephone2 xsi:nil="true"></Telephone2>
          <Telephone3 xsi:nil="true"></Telephone3>
          <TimeZoneRuleVersionNumber xsi:nil="true"></TimeZoneRuleVersionNumber>
          <UPSZone xsi:nil="true"></UPSZone>
          <UTCOffset xsi:nil="true"></UTCOffset>
          <UTCConversionTimeZoneCode xsi:nil="true"></UTCConversionTimeZoneCode>
        </Address>
        <Address>
          <AddressNumber>2</AddressNumber>
          <AddressTypeCode>1</AddressTypeCode>
          <City xsi:nil="true"></City>
          <County xsi:nil="true"></County>
          <Country xsi:nil="true"></Country>
          <Fax xsi:nil="true"></Fax>
          <FreightTermsCode xsi:nil="true"></FreightTermsCode>
          <ImportSequenceNumber xsi:nil="true"></ImportSequenceNumber>
          <Latitude xsi:nil="true"></Latitude>
          <Line1 xsi:nil="true"></Line1>
          <Line2 xsi:nil="true"></Line2>
          <Line3 xsi:nil="true"></Line3>
          <Longitude xsi:nil="true"></Longitude>
          <Name xsi:nil="true"></Name>
          <PostalCode xsi:nil="true"></PostalCode>
          <PostOfficeBox xsi:nil="true"></PostOfficeBox>
          <PrimaryContactName xsi:nil="true"></PrimaryContactName>
          <ShippingMethodCode>1</ShippingMethodCode>
          <StateOrProvince xsi:nil="true"></StateOrProvince>
          <Telephone1 xsi:nil="true"></Telephone1>
          <Telephone2 xsi:nil="true"></Telephone2>
          <Telephone3 xsi:nil="true"></Telephone3>
          <TimeZoneRuleVersionNumber xsi:nil="true"></TimeZoneRuleVersionNumber>
          <UPSZone xsi:nil="true"></UPSZone>
          <UTCOffset xsi:nil="true"></UTCOffset>
          <UTCConversionTimeZoneCode xsi:nil="true"></UTCConversionTimeZoneCode>
        </Address>
      </Addresses>
    </Publisher>
    <RootComponents>
      <RootComponent type="1" schemaName="nm_matrixassessmentconfiguration" behavior="0" />
      <RootComponent type="1" schemaName="nm_matrixcategory" behavior="0" />
      <RootComponent type="1" schemaName="nm_matrixfactors" behavior="0" />
      <RootComponent type="1" schemaName="nm_matrixoutcome" behavior="0" />
      <RootComponent type="1" schemaName="nm_matrixresponse" behavior="0" />
      <RootComponent type="62" schemaName="nm_MatrixAssessmentTool" behavior="0" />
      <RootComponent type="80" schemaName="nm_MatrixAssessmentTool" behavior="0" />
    </RootComponents>
    <MissingDependencies>
      <MissingDependency>
        <Required type="61" schemaName="msdyn_/Images/AppModule_Default_Icon.png" displayName="msdyn_/Images/AppModule_Default_Icon.png" solution="AppModuleWebResources (2.5)" />
        <Dependent type="80" schemaName="nm_MatrixAssessmentTool" displayName="Matrix Assessment Tool" />
      </MissingDependency>
      <MissingDependency>
        <Required type="66" schemaName="nm_Nexus.ColorPicker" displayName="nm_Nexus.ColorPicker" solution="_ColorPicker (1.0.0)" />
        <Dependent type="60" displayName="Information" parentDisplayName="Matrix Assessment Configuration" id="{eceba605-e129-4321-be68-9f2fbc11b43c}" />
      </MissingDependency>
      <MissingDependency>
        <Required type="66" schemaName="nm_Nexus.EntitySelector" displayName="nm_Nexus.EntitySelector" solution="_EntitySelector (1.0.0)" />
        <Dependent type="60" displayName="Information" parentDisplayName="Matrix Assessment Configuration" id="{eceba605-e129-4321-be68-9f2fbc11b43c}" />
      </MissingDependency>
      <MissingDependency>
        <Required type="66" schemaName="nm_Nexus.Slider" displayName="nm_Nexus.Slider" solution="_Slider (1.0.0)" />
        <Dependent type="60" displayName="Information" parentDisplayName="Matrix Assessment Configuration" id="{eceba605-e129-4321-be68-9f2fbc11b43c}" />
      </MissingDependency>
      <MissingDependency>
        <Required type="SettingDefinition" displayName="AppChannel" solution="msdyn_AppFrameworkInfraExtensions (1.0.0.10)" id.uniquename="AppChannel" />
        <Dependent type="AppSetting" displayName="parentappmoduleid.uniquename=nm_MatrixAssessmentTool,settingdefinitionid.uniquename=AppChannel" id.parentappmoduleid.uniquename="nm_MatrixAssessmentTool" id.settingdefinitionid.uniquename="AppChannel" />
      </MissingDependency>
    </MissingDependencies>
  </SolutionManifest>
</ImportExportXml>