<?xml version="1.0" encoding="UTF-8" standalone="yes"?>
<manifest>
  <control namespace="Nexus" constructor="Slider" version="0.0.1" display-name-key="Slider" description-key="Slider description" control-type="standard" api-version="1.3.14">
    <external-service-usage enabled="false"/>
    <property name="inputValue" display-name-key="Input Value" description-key="Input Value" of-type="Decimal" usage="bound" required="true" default-value="0"/>
    <resources>
      <code path="bundle.js" order="1"/>
      <css path="css/Slider.css" order="1"/>
    </resources>
    <built-by name="pac" version="1.32.5"/>
  </control>
</manifest>